SYMBOL,SYMBOL P/E,ADJUSTED P/E
THERMAX,69.74,69.74
WHEELS,13.91,13.91
ZODIACLOTH,,
RIIL,123.32,123.32
PREMIERPOL,24.73,24.73
RAYMOND,21.28,20.88
RSWM,,
SHREDIGCEM,26.99,26.99
SESHAPAPER,13.12,13.12
SMLISUZU,19.24,19.24
SUPERSPIN,,
SUNDRMFAST,36.03,36.03
FACT,,508.30
EXIDEIND,38.36,38.36
EUROTEXIND,,
ELECON,26.95,26.95
CRISIL,44.76,44.76
LMW,142.34,142.34
ORIENTPPR,,
PEL,46.11,
NELCO,103.85,103.85
MASTEK,18.09,18.61
MAHSCOOTER,72.64,75.70
LUMAXIND,41.41,41.41
TRENT,102.10,143.35
KECL,66.82,284.08
CUMMINSIND,47.02,47.02
KCP,9.63,8.73
JAYBARMARU,29.71,29.71
JBCHEPHARM,42.09,42.09
INFY,24.42,24.42
INDIAGLYCO,19.63,19.63
IONEXCHANG,32.44,32.44
IFBIND,40.40,40.40
IGPL,13.49,13.49
HIMATSEIDE,21.07,21.07
GNFC,14.40,14.40
GFLLIMITED,,
BPCL,9.34,9.15
BHARATFORG,66.05,59.57
BASF,31.26,31.78
FORCEMOT,22.43,22.43
ATUL,41.28,41.28
ARVIND,27.32,27.32
ACC,13.97,15.37
TATAMOTORS,8.21,8.20
SCI,8.75,8.75
MRPL,30.64,30.38
LINDEINDIA,124.19,124.19
HINDPETRO,12.11,12.11
ESCORTS,31.59,31.59
RELINFRA,37.23,
BAJAJHLDNG,92.05,92.05
ASHOKLEY,20.26,20.54
ZUARIIND,,499.86
VOLTAS,55.91,55.91
TITAN,83.77,83.77
TATASTEEL,82.33,68.23
SUNDARMFIN,32.16,30.94
SPIC,19.62,13.24
VEDL,10.12,11.25
SBIN,8.54,8.54
RELIANCE,21.88,21.88
PFIZER,30.41,30.41
NOCIL,24.44,24.44
BOSCHLTD,40.00,40.02
DRREDDY,18.11,18.11
BATAINDIA,45.37,63.07
DEEPAKFERT,16.21,16.21
CHAMBLFERT,16.36,16.36
CARBORUNIV,52.14,61.65
MAHSEAMLES,12.18,12.18
HINDOILEXP,14.01,17.26
DICIND,31.27,32.22
COROMANDEL,34.55,34.55
BALMLAWRIE,15.81,15.81
WILLAMAGOR,,
VINDHYATEL,15.53,15.53
MOTOGENFIN,43.35,43.35
MARALOVER,,
ASIANPAINT,53.99,52.35
RAMCOCEM,54.59,112.76
INDIACEM,,
PGHL,38.05,36.67
ABREL,124.41,124.41
BEML,44.25,44.25
ADORWELD,27.23,24.64
CENTENKA,14.74,14.74
TATACHEM,,41.72
TORNTPHARM,58.98,58.98
VTL,14.50,14.50
ATFL,531.67,475.86
FEDERALBNK,11.77,11.77
EPL,24.94,23.87
VLSFINANCE,4.49,4.49
VIPIND,,
SUPREMEIND,49.15,49.15
SRF,76.13,76.13
BIRLACABLE,88.13,88.13
BALRAMCHIN,28.67,28.67
ANSALAPI,,
AEGISLOG,38.88,38.88
WEIZMANIND,21.27,21.27
UNITECH,,
UNICHEMLAB,,50.30
BBOX,33.52,25.89
HONAUT,54.28,54.28
JTEKTINDIA,38.94,39.19
SAURASHCEM,169.82,169.82
RANEHOLDIN,8.89,83.93
PRECOT,12.67,15.75
TATAELXSI,42.30,42.30
SUNPHARMA,36.86,35.74
KOHINOOR,,
OILCOUNTUB,,
SHREYANIND,5.09,5.09
SHALPAINTS,,
SANDESH,5.95,5.97
HCC,17.79,
BAJAJHIND,,
ASHIMASYN,3.84,3.84
APOLLOHOSP,72.49,72.49
ARE&M,19.07,20.62
ADANIENT,68.91,65.51
IVP,12.67,12.67
BALKRISIND,27.97,27.97
TIRUMALCHM,,
INDBANK,15.18,15.18
GINNIFILA,,133.86
EICHERMOT,38.59,38.59
RAJSREESUG,11.72,11.72
GVT&D,83.61,83.61
NEULANDLAB,50.98,63.91
ONGC,7.54,7.30
ITI,,
ZENSARTECH,25.14,25.14
TIL,9.13,191.72
TAINWALCHM,54.56,54.56
BERGEPAINT,53.85,53.85
BANARISUG,52.14,52.14
JINDALPOLY,11.42,19.34
ANIKINDS,,
KPIL,33.52,33.52
JYOTISTRUC,52.88,52.88
IGARASHI,61.39,61.39
BSL,17.27,17.27
BLUEDART,56.21,56.21
NKIND,879.92,879.92
JAYNECOIND,239.89,100.11
MUNJALSHOW,15.86,15.86
APCOTEXIND,31.93,31.93
SOTL,23.88,23.88
HSCL,41.51,41.51
RCF,26.38,28.05
RANASUG,9.38,9.38
KARURVYSYA,9.01,9.01
DECCANCE,435.83,76.41
ARENTERP,23.93,23.93
TECILCHEM,,
WSI,915.06,199.12
UFLEX,,7.92
TATAPOWER,34.55,33.32
ADVANIHOTR,21.38,21.38
THOMASCOOK,26.02,25.68
SUNFLAG,27.00,27.00
SUBROS,28.67,28.67
SPMLINFRA,35.72,37.56
SIMPLEXINF,13.06,13.06
SIEMENS,70.54,70.54
BHARATRAS,30.07,30.08
WIPRO,22.68,22.68
VSTIND,13.97,18.70
JUBLPHARMA,22.38,18.31
UNIVCABLES,36.56,36.56
UCAL,,
TATACOMM,40.40,42.14
TOKYOPLAST,145.33,145.33
SOMANYCERA,24.31,24.75
MURUDCERA,27.05,27.05
IFCI,48.46,48.96
HLVLTD,32.23,35.41
SANOFI,37.12,34.79
M&M,27.97,27.97
LIBERTSHOE,44.89,33.08
KREBSBIO,,
KAKATCEM,,
KAJARIACER,38.54,38.54
KABRAEXTRU,28.87,28.87
HEIDELBERG,42.58,42.58
MODTHREAD,24.44,24.44
MODIRUBBER,,
MIRCELECTR,,
MANGLMCEM,47.06,47.06
PRSMJOHNSN,,
PREMIER,,
POLYPLEX,9.63,9.63
PIDILITIND,72.62,70.82
PCBL,35.49,35.46
3PLAND,35.80,35.80
OSWALAGRO,21.87,21.86
EIHAHOTELS,25.99,24.99
HONDAPOWER,34.87,37.23
JINDALSAW,9.32,9.32
SAIL,27.74,17.88
RUBYMILLS,15.33,15.33
STYRENIX,20.97,20.97
ABB,61.20,61.20
ABAN,,
IDBI,11.79,11.79
GRAPHITE,22.74,22.74
CANFINHOME,10.88,10.88
BRITANNIA,53.90,53.45
BBL,25.01,25.01
ELECTCAST,8.04,8.04
DHAMPURSUG,14.54,14.54
DCMSHRIRAM,30.38,30.38
DABUR,51.03,51.03
COSMOFIRST,13.70,13.70
CIPLA,24.41,24.41
HEROMOTOCO,16.28,16.28
HDFCBANK,19.64,19.36
HARRMALAYA,2648.71,49.12
GMBREW,9.22,9.22
GIPCL,13.06,13.06
ITC,25.38,25.37
INDIANHUME,19.03,19.03
HINDCOMPOS,17.82,17.82
IOC,20.13,25.06
WALCHANNAG,,
OSWALGREEN,75.24,75.24
HUHTAMAKI,16.01,23.83
RICOAUTO,28.29,27.80
KAMATHOTEL,24.58,26.04
IFBAGRO,23.73,23.73
BANCOINDIA,16.43,16.43
DELTAMAGNT,,
MANINDS,15.62,15.62
APOLLOTYRE,21.27,20.13
SIYSIL,15.16,15.16
SHANTIGEAR,36.61,36.61
PRECWIRE,29.73,29.73
ONWARDTEC,27.19,27.19
NILKAMAL,23.99,23.99
NCC,15.47,15.10
ICIL,16.23,16.23
SEAMECLTD,25.14,27.40
ELGIEQUIP,49.51,49.51
AUROPHARMA,19.83,19.46
BBTC,6.23,6.07
EIHOTEL,32.92,33.23
KANORICHEM,,
LICHSGFIN,6.10,6.10
GICHSGFIN,5.14,5.14
BEPL,15.14,15.14
RAIN,,
BANARBEADS,26.87,26.87
MOREPENLAB,21.49,21.49
WSTCSTPAPR,6.69,6.69
21STCENMGM,1.74,1.74
TNTELE,,
VENKEYS,17.41,17.41
GHCL,9.82,9.82
S&SPOWER,,
PRAJIND,38.49,41.92
HIL,,60.72
EVERESTIND,,
BPL,19.71,19.71
TRANSWORLD,14.40,14.40
KEEPLEARN,104.27,104.27
PGHH,63.10,63.10
VESUVIUS,35.29,35.29
TFCILTD,13.77,13.77
BOMDYEING,5.08,37.78
GTL,1.17,18.52
NAVNETEDUL,3.95,14.78
GUJALKALI,,
AGI,16.73,16.73
GLAXO,55.88,56.22
TATACONSUM,77.40,68.18
ZEEL,19.34,16.18
CHOLAFIN,31.75,31.75
INDHOTEL,65.00,75.80
FMGOETZE,12.25,12.25
KOTAKBANK,19.37,22.23
LYKALABS,100.11,99.34
ORIENTHOT,65.26,65.26
JAYSREETEA,8.85,41.60
GILLETTE,54.74,54.74
HMT,,
GOLDENTOBC,9.12,10.35
KANSAINER,17.15,31.26
FOSECOIND,31.10,31.10
ESABINDIA,41.77,41.77
3MINDIA,55.52,55.52
ANDHRAPAP,11.81,11.81
GABRIEL,36.19,36.19
SCHAEFFLER,58.16,58.16
AARTIIND,39.31,39.65
RALLIS,32.84,32.84
AMJLAND,13.49,13.49
PRAKASH,8.05,8.05
MFSL,124.72,124.72
KSB,54.64,54.64
KOPRAN,19.04,19.04
HEG,47.74,47.74
GREAVESCOT,,
GODFRYPHLP,39.87,37.99
VARDMNPOLY,28.03,28.03
SURYAROSNI,17.14,17.14
TATAINVEST,135.13,135.13
GLFL,216.81,216.81
TIMKEN,51.94,51.94
ROLTA,,
SUDARSCHEM,64.49,94.02
SHREECEM,87.05,87.05
SAKHTISUG,2.68,
IPCALAB,50.65,50.06
INGERRAND,43.33,43.33
AKZOINDIA,35.51,35.51
HINDALCO,11.22,10.73
HINDZINC,20.00,19.87
HINDUNILVR,49.58,51.45
GSFC,13.34,13.50
GRASIM,22.67,21.45
AMBUJACEM,23.76,24.16
FINPIPE,14.59,25.46
FINCABLES,21.13,29.23
EIDPARRY,8.85,8.85
DCW,68.71,68.63
DCM,19.14,19.14
CGPOWER,102.78,102.09
HEUBACHIND,28.96,28.96
CESC,13.73,13.73
BIRLACORPN,36.21,37.25
BHEL,162.97,162.97
BHARATGEAR,,
BEL,44.29,44.29
BAJFINANCE,35.03,35.03
ASHAPURMIN,14.11,17.43
PVP,738.28,777.97
NAVA,9.83,9.83
KESORAMIND,,
CORALFINAC,7.58,7.58
GREENPLY,30.55,31.50
TNPL,60.88,60.88
PARASPETRO,,
AUTOAXLES,16.76,16.76
PEARLPOLY,,
REMSONSIND,25.44,25.68
DALMIASUG,11.06,11.06
NATCOPHARM,7.93,7.93
KHAITANLTD,7.67,7.67
SWARAJENG,29.96,29.96
MTNL,,
MRF,27.64,27.64
GARFIBRES,36.12,36.12
ANDHRSUGAR,29.40,26.57
TNPETRO,14.14,15.94
TTKPRESTIG,40.32,40.32
STARPAPER,5.07,5.07
SANGHIIND,,
SKFINDIA,35.25,35.25
AUSOMENT,11.91,11.91
EIMCOELECO,17.71,17.71
PANACEABIO,,
JAYAGROGN,11.72,11.72
ALPSINDUS,,
CUBEXTUB,22.66,22.66
MARICO,49.57,49.57
SILINV,16.35,16.35
REGENCERAM,,
BIOFILCHEM,122.25,122.25
NORBTEAEXP,,
KEYFINSERV,9.07,9.07
ZENITHEXPO,,
SUNDRMBRAK,70.31,70.31
SANGAMIND,59.31,51.31
MOTHERSON,23.11,23.11
SOMATEX,1.43,
VISAKAIND,,
AARTIDRUGS,20.60,20.60
STERTOOLS,18.45,18.45
CREST,12.24,12.24
INDIANCARD,2.05,14.49
HITECHGEAR,22.24,22.22
WENDT,48.54,48.54
DENORA,97.56,97.56
TVSSRICHAK,57.63,47.12
SHRIRAMFIN,13.71,15.54
SAGCEM,,
PUNJABCHEM,29.56,29.56
MIRZAINT,199.14,199.14
DYNAMATECH,53.77,106.10
GUJAPOLLO,35.44,35.44
GANESHHOUC,16.27,16.27
MMFL,13.45,13.50
JAGSNPHARM,27.13,38.86
ALKYLAMINE,49.91,49.91
JCHAC,92.72,89.67
MPHASIS,29.22,29.22
GUJRAFFIA,39.55,39.55
RUCHINFRA,,
ATLASCYCLE,4.27,4.27
RAMCOIND,23.62,23.62
KOTHARIPET,14.92,14.85
HERITGFOOD,19.23,18.84
INDRAMEDCO,23.99,23.99
BANKBARODA,5.72,5.72
BLUECHIP,,
MADRASFERT,5.91,6.08
GAIL,10.82,13.11
INDNIPPON,19.19,19.19
SKMEGGPROD,11.46,11.46
TCIFINANCE,,
BANKINDIA,5.89,5.89
CONCOR,34.05,33.37
DCMFINSERV,,
ICICIBANK,18.23,18.23
KCPSUGIND,8.42,11.22
HUDCO,15.23,15.23
INDSWFTLAB,2.18,125.94
SAREGAMA,50.63,50.63
FDC,24.28,24.28
ENGINERSIN,28.75,28.75
ADROITINFO,20.16,20.16
JAICORPLTD,24.23,24.23
ANTGRAPHIC,,
GMDCLTD,12.69,12.69
MAHAPEXLTD,13.38,16.12
INDUSINDBK,6.84,6.84
ASAHIINDIA,43.87,47.02
TRIGYN,8.20,7.94
J&KBANK,4.94,4.94
KOTHARIPRO,,
CUB,10.77,10.77
SOUTHBANK,5.00,5.00
ARCHIES,,
ASTRAZEN,216.98,95.99
ITDCEM,27.65,27.65
AXISBANK,12.27,12.27
CYIENT,21.91,21.91
SONATSOFTW,24.27,24.27
NOIDATOLL,,
CYBERTECH,14.69,14.69
KOKUYOCMLN,89.79,89.79
GOACARBON,,
DHANBANK,27.70,27.70
SANGHVIMOV,13.71,13.71
STCINDIA,19.27,11.05
MANUGRAPH,,
RSSOFTWARE,9.86,9.86
VIPCLOTHNG,,
NATIONALUM,7.78,8.42
IVC,45.51,45.51
JINDALSTEL,22.71,22.71
ALEMBICLTD,18.53,18.53
NIPPOBATRY,2.47,2.47
ICDSLTD,67.40,67.40
BSOFT,19.47,19.47
HCLTECH,25.81,25.81
ACCELYA,20.30,20.35
STAR,19.10,18.27
HAVISHA,,
ZYDUSLIFE,19.88,19.88
GLENMARK,,
RAJESHEXPO,156.05,156.05
CINEVISTA,,
WOCKPHARMA,,
NRBBEARING,18.09,18.91
IOB,25.96,25.96
RAMCOSYS,,
GEPIL,59.66,59.66
HCL-INSYS,,
CREATIVEYE,,
KTKBANK,5.27,5.27
MAHLIFE,,
MUKTAARTS,,
BLBLIMITED,19.32,19.32
AJANTPHARM,38.60,38.60
BLUESTARCO,81.07,82.48
CALSOFT,30.48,30.48
TVSMOTOR,53.23,53.23
PNBGILTS,6.47,6.55
PNC,58.23,58.23
TAJGVK,32.05,32.05
NLCINDIA,14.65,14.65
REPRO,,
CHENNPETRO,28.80,28.80
AKSHOPTFBR,,
TTML,,
KRBL,14.68,14.68
HAVELLS,66.16,66.16
GAEL,15.34,15.34
USHAMART,26.17,26.17
AXISCADES,73.90,72.21
BALAJITELE,,
MRO-TEK,35.44,35.44
TIPSMUSIC,51.58,51.58
STLTECH,,
KHANDSE,39.33,39.33
HIKAL,67.41,67.41
TRIDENT,43.18,43.18
MARKSANS,27.71,27.71
ACLGATI,,
NEXTMEDIA,,
GOLDTECH,25.49,
SMARTLINK,11.66,11.66
GODREJCP,,59.83
SUVEN,,
JISLJALEQS,107.58,107.58
LUPIN,32.66,32.66
UNITDSPR,70.54,67.39
FEL,,
TCI,26.86,26.68
MPSLTD,35.85,35.85
BHARTIARTL,43.67,57.18
ASAL,41.17,41.17
OLECTRA,75.99,78.83
PONNIERODE,9.57,9.57
PNB,6.78,6.78
APTECHT,41.75,37.13
SURANAT&P,28.56,28.68
TIMESGTY,76.65,76.65
OFSS,30.13,30.13
UNIONBANK,5.80,5.80
NUCLEUS,14.42,14.42
CANBK,4.67,4.67
GENESYS,57.84,57.84
OMAXAUTO,4.95,
GODREJIND,26.18,26.18
RADAAN,5.13,5.13
DIVISLAB,75.01,75.01
RADICO,100.25,100.25
INDORAMA,,
MARUTI,26.11,26.11
VARDHACRLC,21.50,21.50
UCOBANK,18.84,18.84
BAGFILMS,40.28,40.28
JSL,20.10,20.09
NSIL,43.97,43.97
WELSPUNLIV,20.86,20.86
JAIBALAJI,16.93,16.93
TVSELECT,,
IGL,20.55,20.55
DREDGECORP,,
TVTODAY,12.35,11.86
UNIENTER,883.93,883.93
UPL,803.56,30.84
SIL,141.93,141.93
MUKANDLTD,14.52,14.52
PETRONET,12.57,12.57
PTC,8.13,7.96
VAIBHAVGBL,27.01,26.45
BIOCON,34.96,36.33
MAHABANK,6.83,6.83
POONAWALLA,157.64,157.64
XPROINDIA,59.62,57.25
RKFORGE,38.24,38.17
DATAMATICS,17.61,20.13
NDTV,,
CCL,28.07,28.07
JPASSOCIAT,,
EXCELINDUS,14.58,14.58
LT,28.82,28.94
APARINDS,29.45,29.45
AMBICAAGAR,6.65,6.65
CENTEXT,17.38,17.62
NIITLTD,36.03,36.03
ULTRACEMCO,53.91,53.67
TCS,27.00,27.00
COFORGE,62.03,62.69
TEXINFRA,,
GULFPETRO,8.14,8.14
GUFICBIO,42.86,42.86
INDSWFTLTD,1.18,1.18
ASTRAMICRO,54.92,54.92
WELENT,19.68,19.68
NTPC,17.15,17.15
SALSTEEL,,
KOTARISUG,17.29,22.49
JBMA,68.53,68.53
DWARKESH,,
INDOCO,,
IMPEXFERRO,,
SUPRAJIT,42.63,42.63
PATELENG,10.20,9.97
XCHANGING,21.04,21.04
JSWSTEEL,74.65,69.21
CONSOFINVT,5.80,5.80
JINDALPHOT,49.78,49.78
JPPOWER,7.93,6.38
EVEREADY,27.62,27.62
GOKEX,39.42,39.42
SAKSOFT,20.20,20.20
ALLDIGI,17.18,20.63
IIFL,18.40,7.41
MANGALAM,12.38,12.38
SHOPERSTOP,175.03,157.07
WELCORP,26.00,25.73
SSWL,4.59,14.23
CYBERMEDIA,,
SHAHALLOYS,,
SURYALAXMI,68.52,26.80
JKPAPER,8.92,8.92
PRIMESECU,20.19,21.81
63MOONS,,
GRANULES,25.56,25.56
JSWHL,142.41,142.41
VHL,,
GEOJITFSL,10.73,10.73
GENUSPOWER,39.90,39.90
YESBANK,24.61,24.61
MSPL,69.06,69.20
NECLIFE,31.61,31.61
SPLIL,9.79,9.78
MCLEODRUSS,,
GOLDIAM,37.58,37.58
RML,,
HTMEDIA,,
SASKEN,42.06,42.06
FCSSOFT,172.92,46.52
IMPAL,15.55,15.55
SUZLON,68.73,67.16
AURIONPRO,45.07,45.07
RENUKA,,
BASML,,
TRIVENI,41.01,41.01
AIAENG,30.84,30.85
NAHARINDUS,19.41,18.13
ORIENTCER,37.34,37.34
EKC,14.17,13.89
VIMTALABS,39.09,39.09
KERNEX,294.05,294.05
PVRINOX,,
CELEBRITY,,
NITINSPIN,11.36,11.36
ROHLTD,23.71,23.71
ENIL,70.70,70.70
GSPL,8.11,8.29
JAGRAN,10.11,10.11
GVKPIL,0.80,9.68
KEC,45.76,45.76
JKCEMENT,50.23,58.69
INDOTECH,35.96,35.96
M&MFIN,14.82,14.82
BLKASHYAP,20.89,22.72
VISASTEEL,,
NITCO,,
CENTURYPLY,75.25,73.08
KEI,42.43,42.42
SANWARIA,,
VAKRANGEE,195.80,186.41
SOLARINDS,83.05,83.05
GALLANTT,23.19,23.19
MALUPAPER,,
UTTAMSUGAR,15.53,15.53
SGL,,
KKCL,18.78,18.78
SUNTV,15.12,15.12
GPIL,15.19,15.20
RSYSTEMS,30.76,30.76
EMKAY,9.74,9.74
LOKESHMACH,60.90,60.90
BALPHARMA,20.09,20.09
KAMDHENU,14.55,14.55
RATNAMANI,35.96,35.96
PIONEEREMB,22.90,22.90
JKLAKSHMI,33.43,33.43
PFOCUS,,
ALLCARGO,107.03,63.69
MUNJALAU,10.99,13.56
EMAMILTD,31.43,31.43
GMRAIRPORT,,
TECHM,37.77,37.86
GRINDWELL,53.22,53.22
RAMANEWS,,
VOLTAMP,33.33,33.33
LAKPRE,,
SELAN,12.90,12.90
ACE,37.05,37.05
ANANTRAJ,45.67,45.67
HOVS,15.38,15.38
BINANIIND,6.12,
TALBROAUTO,16.11,22.57
ALICON,18.81,18.81
GEECEE,13.32,13.32
MADHUCON,,
JMFINANCIL,,10.89
INFOMEDIA,,
FIEMIND,19.61,19.61
JHS,,
DCBBANK,5.99,5.99
GLOBALVECT,,
INSPIRISYS,13.59,13.59
SHYAMTEL,,
GTLINFRA,,
SHIVAMAUTO,,
NAUKRI,109.94,112.35
AARVEEDEN,19.02,19.02
GESHIP,4.57,4.57
TORNTPOWER,30.96,30.96
PARSVNATH,,
MANALIPETC,52.23,46.15
SUTLEJTEX,,
LTFOODS,22.78,22.78
DONEAR,11.82,11.82
RUCHIRA,6.06,6.06
SOBHA,218.96,218.99
VENUSREM,11.15,13.94
JINDRILL,21.66,21.66
HIRECT,52.02,52.02
NFL,25.32,25.32
PLASTIBLEN,14.28,14.28
PRAENG,,
PARACABLES,16.12,16.12
HBLENGINE,46.77,44.03
TANLA,12.83,12.83
AVTNPL,19.03,19.03
ZEEMEDIA,,
SITINET,,
VEEDOL,19.47,18.72
LUMAXTECH,18.86,18.86
SARLAPOLY,11.18,11.18
PTL,15.75,15.75
WANBURY,18.93,45.29
AUTOIND,15.25,13.73
GANDHITUBE,14.01,14.01
PITTIENG,30.29,30.29
NETWORK18,,
UNOMINDA,63.67,65.53
HUBTOWN,,
CTE,,
TIIL,23.66,23.03
ORIENTBELL,74.68,74.68
PGIL,27.38,27.45
REDINGTON,15.55,15.55
TTL,22.31,42.99
FSL,40.29,40.78
PFC,4.66,4.66
SMSPHARMA,29.29,29.29
INDIANB,7.11,7.11
ORIENTALTL,,
IDEA,,
PAGEIND,71.11,71.11
LAOPALA,26.04,26.04
RAJTV,,
AMDIND,93.84,93.84
JKTYRE,13.49,12.65
ASTRAL,66.29,66.29
EMBDL,,
NAHARSPING,,
NAHARPOLY,23.49,23.49
THEMISMED,41.27,41.27
NCLIND,20.38,17.80
BALAMINES,22.09,22.09
BANSWRAS,19.00,19.00
ICRA,33.62,33.62
DISHTV,,
PHOENIXLTD,44.09,44.55
AROGRANITE,,
NDLVENTURE,311.85,311.85
ZENITHSTL,13.05,13.05
BFUTILITIE,9.94,9.94
FORTIS,60.12,58.30
SRHHYPOLTD,10.45,10.00
ALPHAGEO,84.63,19.30
WEBELSOLAR,90.89,82.61
TGBHOTELS,,
HILTON,74.31,74.31
INSECTICID,13.25,13.27
KMSUGAR,8.23,8.23
NAVINFLUOR,78.99,78.99
TIMETECHNO,24.91,24.91
NAGREEKEXP,14.11,14.11
HGS,,
NELCAST,26.85,30.60
V2RETAIL,87.21,87.21
DLF,70.15,96.01
TARMAT,,83.16
SPARC,,
HDIL,,
ADSL,20.13,20.13
ALPA,9.15,9.15
OMAXE,,
CENTRALBK,10.81,10.81
ASIANTILES,,
TAKE,,
KPRMILL,39.18,39.18
CIEINDIA,18.89,18.89
PURVA,,
MOTILALOFS,11.32,11.32
INDOWIND,33.35,33.35
NAGREEKCAP,0.97,0.97
MAGNUM,9.54,14.62
KSCL,21.43,21.43
CENTUM,,
POWERGRID,17.39,17.39
SUPREMEINF,,
MANGCHEFER,13.54,13.54
MAANALU,24.51,24.51
IL&FSENGG,,
DELTACORP,15.15,20.33
BAJAJELEC,65.28,65.28
ENERGYDEV,,126.17
CERA,30.53,30.53
RELIGARE,36.47,251.55
BVCL,31.45,31.45
ADANIPORTS,25.25,24.03
EDELWEISS,14.42,14.42
RGL,19.26,19.26
KOLTEPATIL,157.57,157.57
KAUSHALYA,2.86,2.86
COLPAL,44.26,44.26
JYOTHYLAB,32.85,32.85
MADHAV,418.48,418.48
HITECHCORP,22.10,23.03
ECLERX,25.45,25.45
TARIL,94.20,94.20
BRIGADE,37.28,37.28
MANAKSIA,6.62,5.09
DVL,13.50,13.50
PATINTLOG,13.39,13.39
PPAP,,
ARIES,11.11,11.11
AMBIKCO,11.82,11.82
KAVVERITEL,39.38,39.38
CEATLTD,26.22,24.06
RPOWER,6.22,
JKIL,13.47,13.47
CORDSCABLE,16.49,16.49
KNRCON,5.01,4.96
HERCULES,20.98,20.98
ONMOBILE,,
SEPC,109.33,66.39
BANG,,
IRB,4.15,29.24
NMDC,9.26,9.23
GSS,15.63,15.63
NAHARCAP,12.68,12.68
RECLTD,7.45,7.45
VGUARD,52.00,52.00
DHANI,,
NESCO,16.75,16.75
DPSCLTD,73.74,73.74
TITAGARH,35.70,35.50
KIRIINDUS,,
BAJAJFINSV,18.40,18.40
BAJAJ-AUTO,27.84,27.84
DIGISPICE,22.71,42.47
GOKUL,46.57,46.57
RPGLIFE,47.14,42.91
ALMONDZ,48.01,48.01
RBL,12.38,12.10
RANEENGINE,51.08,21.35
ARCHIDPLY,,
LOTUSEYE,286.98,300.41
VINYLINDIA,24.62,24.62
UBL,119.41,115.67
LPDC,,
ZFCVINDIA,52.41,52.41
20MICRONS,11.75,11.62
JOCIL,56.88,56.88
ALKALI,,
COUNCODOS,90.17,90.17
TPHQ,19.69,19.69
FELDVR,,
MAWANASUG,3.60,8.81
AJMERA,27.18,27.18
MHRIL,46.93,46.93
GKWLIMITED,,
VINATIORGA,43.08,43.08
EXCEL,38.59,38.59
ADANIPOWER,15.19,15.19
NHPC,26.24,26.24
GLOBUSSPR,176.70,176.70
OIL,8.69,8.70
EXPLEOSOL,14.09,14.09
RTNPOWER,0.50,42.15
AMRUTANJAN,37.57,37.57
SUNTECK,29.04,29.04
ZYDUSWELL,32.64,33.24
DEN,7.26,7.26
ASTEC,,
SHILPAMED,71.66,74.62
SARDAEN,25.74,25.71
REFEX,33.84,33.89
GILLANDERS,7182.80,
AHLUCONT,17.59,31.75
DLINKINDIA,14.54,14.54
JSWENERGY,51.37,51.37
GODREJPROP,41.96,41.96
DBCORP,9.37,9.37
HINDCOPPER,54.98,54.98
BEARDSELL,12.35,12.35
MMTC,79.71,75.67
NESTLEIND,66.29,69.31
TRF,14.22,14.22
WHIRLPOOL,38.83,37.24
UNITEDTEA,11.72,11.72
MBLINFRA,2.11,
JUBLFOOD,113.10,189.56
VASCONEQ,7.92,17.80
THANGAMAYL,48.83,48.83
EMMBI,18.84,18.84
DBREALTY,,
HATHWAY,31.41,30.97
ORIENTLTD,,
TEXMOPIPES,29.73,10.79
MANINFRA,18.90,18.90
IL&FSTRANS,,
LGBBROSLTD,13.75,14.29
PERSISTENT,65.64,65.64
ASIANHOTNR,,
ISFT,13.49,13.49
GOENKA,,
KIRLOSBROS,33.26,32.88
TARAPUR,4.42,5.57
KSL,19.17,19.17
SJVN,36.64,40.01
SUNDARAM,,
KIRLOSIND,12.58,11.94
MANAPPURAM,10.18,10.18
UMESLTD,103.67,103.67
TI,25.71,24.63
HMVL,14.00,14.00
IMFA,8.59,8.59
BLISSGVS,19.04,8.16
EMAMIREAL,,
AHLEAST,8.85,8.85
IITL,16.47,17.09
BAJAJCON,17.37,17.37
UGARSUGAR,,
PRAKASHSTL,3.29,89.51
GPPL,19.73,18.10
ADFFOODS,34.82,34.82
WELINV,84.24,84.24
KILITCH,31.65,31.65
ORISSAMINE,665.50,665.50
DEEPAKNTR,37.12,40.39
SASTASUNDR,,8.98
CPCAP,11.75,11.75
GREENPOWER,59.69,58.17
RAMKY,12.03,12.03
CANTABIL,31.51,32.05
WABAG,34.58,34.13
ASHOKA,3.53,3.72
BEDMUTHA,18.40,18.40
JWL,39.57,39.57
OBEROIRLTY,23.08,23.08
PRESTIGE,65.74,65.74
SHAH,6.14,34.07
CGCL,36.15,36.15
RESPONIND,26.83,26.83
COALINDIA,7.22,7.22
IOLCP,19.12,19.12
GRAVITA,45.65,45.65
JINDWORLD,69.00,69.00
PENIND,21.86,21.86
RPPINFRA,8.07,8.07
JAMNAAUTO,16.71,16.71
MOIL,18.69,18.69
ZEELEARN,1.18,5.35
A2ZINFRA,23.79,
KIRLOSENG,21.94,23.05
RKDL,42.22,42.22
PSB,37.61,37.61
FMNL,1.14,8.84
SURANASOL,271.85,271.85
SHEKHAWATI,0.53,5.62
BFINVEST,,
KICL,25.70,34.07
SUMMITSEC,24.58,22.13
STEL,49.06,49.06
OMKARCHEM,,
HINDMOTORS,14.78,14.78
TEXRAIL,26.91,26.91
HFCL,32.16,32.16
INDTERRAIN,,
DHUNINV,9.49,9.52
LOVABLE,,
PFS,11.81,11.81
MUTHOOTFIN,18.50,18.50
VADILALIND,25.62,25.62
SYMPHONY,42.79,32.69
PIIND,30.83,30.83
RELAXO,60.10,60.10
OMINFRAL,47.57,47.57
VSTTILLERS,27.31,27.40
ESTER,,
DELPHIFX,101.65,10.27
KARMAENG,,
ASHIANA,197.60,149.82
DHANUKA,21.34,21.34
MAITHANALL,3.21,3.21
RUSHIL,13.97,13.97
INVENTURE,13.00,11.96
ELGIRUBCO,32.21,
LTF,15.11,15.11
WINDMACHIN,,
YAARI,,
BODALCHEM,129.72,107.51
GAYAPROJ,,
WINSOME,,
TREEHOUSE,,
ASAHISONG,37.12,36.58
FILATEX,13.13,13.13
BROOKS,166.01,166.01
TDPOWERSYS,43.52,43.52
APLLTD,30.52,31.03
VASWANI,12.00,12.00
PGEL,115.76,115.76
PANAMAPET,11.44,11.44
SETUINFRA,,
TIJARIA,,
PAISALO,16.31,16.34
ONELIFECAP,,
SHAKTIPUMP,29.86,29.86
TRITURBINE,52.02,52.02
INDOTHAI,153.87,153.87
ESSARSHPNG,0.84,54.63
DSSL,19.75,19.75
JISLDVREQS,1.55,1.55
POLYMED,71.98,71.98
RUPA,19.23,18.57
VIKASECO,28.23,28.23
APLAPOLLO,66.02,66.02
KANANIIND,40.65,40.65
MINDACORP,48.35,48.35
THOMASCOTT,33.56,33.56
DBSTOCKBRO,16.40,16.40
IRFC,25.87,25.87
COMPUSOFT,181.02,181.02
RHIM,,35.87
SCHNEIDER,75.58,80.61
NDL,11.40,11.40
NBCC,43.53,38.51
MTEDUCARE,,
HEXATRADEX,,
TBZ,16.63,16.63
VSSL,15.62,15.62
SWANENERGY,14.63,14.63
SPECIALITY,29.63,29.63
CINELINE,,
SAMPANN,,
RTNINDIA,16.56,16.56
PROZONER,,
MORARJEE,,
THEJO,41.40,41.40
KITEX,29.97,29.97
MAYURUNIQ,14.56,14.56
ROSSELLIND,10.12,10.05
DUCON,13.24,13.24
TVSHLTD,7.88,7.88
ZUARI,4.72,4.72
VETO,11.56,11.56
CARERATING,28.04,28.04
PCJEWELLER,21.04,21.04
INDUSTOWER,8.96,8.96
VMART,,
REPCOHOME,4.96,4.96
NIBL,,
VIVIDHA,,
JUSTDIAL,13.38,13.38
CEREBRAINT,,
ATULAUTO,73.86,73.86
ORIENTCEM,59.04,59.04
ABFRL,,
SAMMAANCAP,,
ESSENTIA,25.83,25.83
FLFL,,
PILITA,61.46,61.46
LYPSAGEMS,,
MITCON,11.45,11.45
ORBTEXP,11.34,11.34
JPOLYINVST,21.58,21.58
SREEL,24.19,24.19
NATHBIOGEN,7.43,7.57
AGRITECH,154.91,154.91
SECURKLOUD,,
SANCO,,
CASTROLIND,22.24,22.24
SDBL,23.85,23.85
IREDA,29.77,29.77
BUTTERFLY,290.99,201.77
WONDERLA,34.75,34.75
AGARIND,12.64,12.64
HATSUN,76.55,76.55
CAPLIPOINT,30.23,30.23
GOCLCORP,9.95,9.14
GULFOILLUB,16.94,16.94
SNOWMAN,199.59,199.59
SHARDACROP,21.24,21.24
SUPERHOUSE,15.01,31.35
SHEMAROO,,
CIGNITITEC,25.62,25.16
PDSL,27.27,27.76
INTELLECT,37.75,37.78
MONTECARLO,15.56,15.56
GOODLUCK,15.39,15.39
FCL,22.25,22.25
DTIL,,
CAMLINFINE,,
GULPOLY,47.55,47.55
APOLSINHOT,45.17,45.17
CCHHL,176.70,176.70
LAMBODHARA,17.00,17.00
GRPLTD,62.70,57.67
GENUSPAPER,131.75,131.75
MOLDTKPAC,22.85,22.85
GREENLAM,58.93,58.93
VISHNU,26.27,26.27
GANECOS,38.72,38.72
LINC,17.41,17.41
MENONBE,22.83,22.83
HESTERBIO,38.54,38.54
JMA,7.06,7.06
MANAKALUCO,25.97,25.97
MANAKSTEEL,32.86,28.06
MANAKCOAT,37.84,40.07
ZENTEC,59.37,59.87
IMAGICAA,51.82,46.47
INOXWIND,76.31,69.65
LFIC,6.28,6.28
BYKE,56.14,56.14
AVANTIFEED,24.58,24.58
VRLLOG,32.62,32.62
MEP,,
PRIVISCL,39.18,39.18
UFO,19.13,19.65
TPLPLASTEH,26.50,26.50
NILAINFRA,17.96,17.96
ARROWGREEN,13.37,13.37
PNCINFRA,6.09,6.09
SKIPPER,41.34,41.34
ALANKIT,17.97,17.97
ORICONENT,109.29,103.37
SHYAMCENT,,
BALKRISHNA,,
ADANIENSOL,166.45,43.83
SYNGENE,57.33,60.46
AYMSYNTEX,42.82,68.49
EMKAYTOOLS,4.31,4.31
KAYA,,
RAMASTEEL,65.67,65.67
AURUM,,
PKTEA,30.82,30.82
MUTHOOTCAP,8.59,8.59
SATIN,5.36,5.36
ARVSMART,27.16,27.16
POWERMECH,27.31,27.27
SHARDAMOTR,15.78,15.78
NAVKARCORP,,
SHREEPUSHK,16.52,16.52
GUJGASLTD,22.33,23.13
SADBHIN,,
IDFCFIRSTB,21.79,21.79
INDIGO,31.79,31.79
SHK,386.29,16.34
PERFECT,20.25,20.25
BALAXI,13.76,14.29
LUXIND,24.02,24.02
TTKHLTCARE,20.36,24.88
UMANGDAIRY,27.88,27.88
SALZERELEC,27.45,27.45
PILANIINVS,28.10,28.10
KRIDHANINF,1.05,127.68
LINCOLN,12.47,12.47
LALPATHLAB,49.52,49.52
ALKEM,27.39,27.27
NH,42.93,42.93
OCCL,9.21,9.21
PRECAM,98.07,114.02
TEAMLEASE,31.62,31.62
QUICKHEAL,70.83,70.83
HITECH,33.32,33.32
VIDHIING,51.22,51.22
BHAGERIA,22.61,22.61
NECCLTD,18.80,18.80
KELLTONTEC,12.87,12.86
SEQUENT,147.87,158.20
GOKULAGRO,14.80,14.80
SIMBHALS,6.41,6.41
KDDL,26.25,26.23
PDMJEPAPER,8.43,8.43
HCG,114.07,119.34
HECPROJECT,25.45,25.45
WEALTH,19.31,18.90
BHARATWIRE,16.92,16.92
INFIBEAM,21.75,21.75
PALREDTEC,,
THYROCARE,35.83,35.78
CROMPTON,43.93,43.93
SAGARDEEP,43.01,43.01
PARAGMILK,17.86,17.86
SHRIPISTON,17.26,17.26
UNITEDPOLY,26.13,26.13
ARMANFIN,15.87,15.87
ALBERTDAVD,12.25,12.25
BLS,34.70,34.70
ASPINWALL,10.85,10.85
NAGAFERT,0.13,0.13
SALONA,18.10,18.10
PREMEXPLN,60.37,60.37
CONTROLPR,22.22,22.22
INCREDIBLE,17.20,17.20
MAHASTEEL,148.88,162.39
SETCO,,
DAMODARIND,17.74,17.74
MGL,12.90,12.90
MOLDTECH,18.43,18.43
POKARNA,26.21,26.21
COMPINFO,0.38,0.38
VIJIFIN,,
GPTINFRA,20.41,20.41
QUESS,25.45,24.91
GROBTEA,6.50,6.50
SOMICONVEY,33.41,33.41
LLOYDSENGG,64.44,64.44
LTIM,29.84,29.84
GATECH,16.36,16.36
MINDTECK,19.87,18.85
ADVENZYMES,23.04,21.46
DBL,11.87,20.94
SPAL,17.43,17.43
NDGL,38.38,37.02
RBLBANK,10.71,10.71
BIGBLOC,78.19,78.19
MBAPL,56.12,56.12
CUPID,18.10,18.10
LTTS,37.82,37.82
GNA,13.88,13.88
CROWN,12.00,38.14
ICICIPRULI,87.89,87.89
MARATHON,17.21,17.21
HPL,39.60,39.60
JAIPURKURT,15.24,15.24
GRETEX,34.09,33.84
SAKAR,33.63,33.51
ARTNIRMAN,78.48,78.48
ENDURANCE,35.01,35.01
GICL,78.67,78.67
MAZDA,18.06,18.06
PNBHOUSING,12.40,12.40
VBL,66.35,66.35
KINGFA,23.60,23.60
AGROPHOS,875.72,875.72
PODDARMENT,11.99,11.99
ROLLT,,
NBIFIN,96.58,96.58
KIOCL,,
JETFREIGHT,9.80,9.81
SFL,57.34,97.72
HEADSUP,,
TCIEXP,25.95,25.95
LAURUSLABS,169.37,169.37
ITDC,70.49,70.42
HISARMETAL,27.99,27.99
RHFL,9.35,
LIBAS,5.27,5.27
PROLIFE,12.19,12.19
SPCENET,43.19,43.19
CAPTRUST,99.50,99.50
MAHESHWARI,12.53,12.53
BHANDARI,17.56,17.56
BSE,74.60,74.60
MCL,18.26,18.26
PRICOLLTD,30.69,30.69
STEELCITY,8.85,8.85
JITFINFRA,29.07,51.66
KRISHANA,23.91,23.91
GLOBAL,8.80,8.80
NITIRAJ,24.34,24.34
SANGINITA,331.42,331.42
AKASH,27.67,27.67
RADIOCITY,47.07,47.07
DMART,95.67,95.67
TASTYBITE,99.99,99.99
INTENTECH,14.01,14.01
AIRAN,13.00,13.00
AKSHARCHEM,,
ARIHANTSUP,25.87,25.87
LAXMICOT,209.34,250.32
CLEDUCATE,56.23,51.80
EIFFL,154.30,154.30
NRAIL,9.75,9.75
SHANKARA,19.44,19.44
NACLIND,,
APCL,,
CREATIVE,15.91,15.91
WIPL,76.99,76.99
FOCUS,23.67,23.67
DEVIT,15.12,15.12
ASLIND,,1967.66
SIKKO,28.60,28.60
MKPL,21.77,21.77
DOLLAR,23.25,23.40
PANACHE,128.62,55.39
INFOBEAN,20.66,20.66
SCHAND,12.87,12.87
ZOTA,,
BHAGYANGR,19.94,19.94
PSPPROJECT,36.89,36.89
JALAN,,15.62
STARCEMENT,66.57,66.57
GLOBE,11.79,12.83
TEJASNET,21.11,21.11
ERIS,52.40,52.40
CDSL,45.86,45.86
GTPL,23.52,23.52
ACCORD,,
AUBANK,21.05,20.40
TRANSWIND,18.03,18.03
ACEINTEG,40.01,40.01
SHRENIK,,
DYNPRO,22.71,22.71
STEELXIND,25.29,25.29
SALASAR,37.15,37.15
UNIVASTU,0.00,0.00
AVADHSUGAR,12.67,12.67
PALASHSECU,,
MAGADSUGAR,10.45,10.45
GANGESSECU,26.83,26.83
THEINVEST,20.42,20.42
SHANTI,,
TOTAL,51.86,51.86
GTECJAINX,,
OPTIEMUS,65.47,65.47
WEWIN,25.66,25.66
SIS,24.97,24.97
COCHINSHIP,47.99,47.99
SMSLIFE,15.08,15.08
VAISHALI,288.99,288.99
LEXUS,,
GEEKAYWIRE,10.55,10.55
SERVOTECH,99.38,99.38
ABCAPITAL,13.75,13.75
APEX,463.74,463.74
PASHUPATI,184.33,184.33
BRNL,2.49,2.49
MANAV,11.98,11.98
DIXON,96.47,121.97
DCAL,,
LASA,,
MATRIMONY,23.64,23.64
CHOLAHLDNG,7.62,7.62
CAPACITE,15.70,15.70
ICICIGI,70.91,70.91
WORTH,12.53,12.53
MPTODAY,4.60,4.62
SBILIFE,64.74,64.74
RMDRIP,130.11,130.11
DPWIRES,11.49,11.49
AARVI,15.11,15.11
DIAMONDYD,,167.93
TIRUPATI,69.32,69.32
AIROLAM,78.69,78.69
RKEC,7.33,7.33
GATECHDVR,3.67,3.67
GOLDSTAR,70.41,70.41
JASH,39.00,38.97
CMMIPL,,
BETA,47.64,47.64
OMFURN,29.46,29.46
GODREJAGRO,42.42,42.42
TCPLPACK,31.62,31.62
MASFIN,15.84,15.84
IEX,39.60,39.60
DPABHUSHAN,28.90,28.90
GICRE,9.98,9.98
TIINDIA,46.06,45.86
NAM-INDIA,28.68,28.68
MAHLOG,,
NIACL,26.36,26.36
IFGLEXPOR,28.22,28.22
KHADIM,108.92,108.92
5PAISA,18.49,18.49
HDFCLIFE,82.95,82.95
AISL,15.47,15.47
PULZ,11.26,11.26
SILVERTUC,42.73,42.73
ZODIAC,38.47,38.47
FELIX,42.06,42.06
ICEMAKE,54.20,54.20
DNAMEDIA,0.46,
SHALBY,71.05,71.05
FSC,,
TOUCHWOOD,16.28,16.28
ONEPOINT,39.29,39.29
SMVD,0.78,
SHIVATEX,22.07,22.07
ASTRON,,
AJOONI,39.33,39.33
MOKSH,13.77,13.77
BCONCEPTS,58.29,58.29
SILLYMONKS,36.52,36.52
APOLLO,66.21,66.21
NEWGEN,45.07,45.07
AMBER,92.64,92.64
PRAXIS,,
SOLEX,36.42,36.42
SRPL,,
GALAXYSURF,24.95,24.95
AMJUMBO,411.76,411.76
SINTERCOM,325.06,325.06
MHHL,10.35,10.35
SOUTHWEST,34.42,36.26
SHIVAMILLS,,
ARVEE,71.58,71.58
ASTERDM,72.66,68.86
BANKA,,
GMMPFAUDLR,43.02,43.02
HGINFRA,12.90,12.90
HINDCON,32.24,32.24
SARVESHWAR,28.95,28.95
UNIINFO,,
MACPOWER,30.70,30.70
TARACHAND,21.87,21.87
BDL,85.26,85.26
MDL,41.18,40.04
SUNDARMHLD,30.98,30.98
BANDHANBNK,9.59,9.59
HAL,30.98,31.00
URAVIDEF,258.15,258.15
MITTAL,30.30,37.20
SANDHAR,17.67,18.56
KAPSTON,33.46,33.46
CENTRUM,,
MIDHANI,53.06,53.06
LEMONTREE,49.41,49.41
VERA,13.75,13.75
MMP,21.41,21.41
NARMADA,17.16,17.16
PIGL,20.73,20.73
CHEMFAB,140.37,140.37
BSHSL,51.19,51.19
MAHICKRA,47.01,47.01
AAKASH,16.96,16.96
ORIENTELEC,72.64,72.64
E2E,120.19,120.19
INDOSTAR,46.45,46.45
BORORENEW,,
SIRCA,29.63,29.63
SUULD,,
SVLL,393.33,393.33
DIL,6.81,7.00
SONAMLTD,27.16,27.16
ADANIGREEN,95.60,82.13
OSWALSEEDS,,
PRITI,22.97,22.97
ACCURACY,9.45,9.45
SOLARA,,
FINEORG,29.55,29.52
RITES,28.83,28.89
VARROC,71.44,34.95
GANGAFORGE,90.88,92.37
REPL,21.85,21.85
AMBANIORGO,,
HBSL,,
AVROIND,59.92,59.92
HDFCAMC,37.21,37.21
UCL,,
TEMBO,15.29,15.55
CREDITACC,17.51,17.51
AARON,45.81,45.81
SIGIND,13.14,13.14
DANGEE,,
MARSHALL,,
SUMIT,35.65,35.65
LAGNAM,15.22,15.22
RPPL,12.63,12.63
AKG,55.48,55.48
IRCON,21.73,21.73
AHLADA,8.56,8.56
SPECTRUM,131.52,131.52
RAJMET,,
AAVAS,27.52,27.52
KSHITIJPOL,,13.28
GRSE,49.91,49.91
SILGO,23.51,23.51
BBTCL,,
MARINE,64.10,64.32
IRISDOREME,34.49,34.49
ATGL,102.09,102.09
TECHNOE,36.61,36.61
SHUBHLAXMI,15.00,15.00
UNIPARTS,15.40,15.40
SHRIRAMPPS,18.39,18.39
TREJHARA,19.42,749.87
AWHCL,17.11,17.11
DALBHARAT,56.45,48.06
RPSGVENT,48.18,9.00
SPENCERS,,
SURANI,52.17,52.17
XELPMOC,,
CHALET,187.28,187.28
MSTCLTD,8.94,17.92
OSIAHYPER,15.68,15.68
ANUP,50.77,50.77
ARVINDFASN,36.53,36.53
PAR,7.60,7.60
KHFM,44.17,44.17
RVNL,63.57,63.57
POLYCAB,41.56,41.56
METROPOLIS,53.86,53.86
KPITTECH,47.64,47.64
SWSOLAR,190.98,190.98
NEOGEN,88.95,88.95
VIKASLIFE,,
EMAMIPAP,11.07,11.07
VCL,,
CONFIPET,22.30,22.54
PPL,10.13,10.13
INDIAMART,24.28,24.28
ATMASTCO,34.76,34.76
OAL,23.03,23.03
SEYAIND,,
DCMNVL,56.96,166.65
SATIA,5.71,5.71
WEL,164.31,164.31
AFFLE,60.43,60.43
CHEMCON,27.53,27.53
SPANDANA,,
WESTLIFE,976.77,976.77
DOLATALGO,6.25,6.25
HNDFDS,62.35,62.35
UJJIVANSFB,7.10,7.10
MAZDOCK,40.35,40.35
IRCTC,46.24,46.52
SECL,110.25,110.25
SAFARI,64.57,64.57
DCI,25.85,25.85
360ONE,38.12,35.88
IIFLCAPS,9.57,9.57
HPIL,97.96,97.96
SAMHI,63.34,68.12
VISHWARAJ,,
FLUOROCHEM,96.01,96.01
GREENPANEL,40.20,40.20
KUANTUM,7.92,7.92
RBA,,
APOLLOPIPE,53.01,53.01
CHEMBOND,17.19,17.69
MGEL,15.35,13.99
ROUTE,16.70,17.00
SBICARD,39.98,39.98
HOMEFIRST,25.65,25.65
SIGMA,14.28,14.28
CSBBANK,9.36,9.36
EQUITASBNK,20.81,20.81
EASEMYTRIP,57.60,31.17
ROSSARI,25.20,25.20
HINDWAREAP,,
PRINCEPIPE,37.84,37.84
ESAFSFB,,
LIKHITHA,15.64,15.64
PARKHOTELS,43.44,43.44
ARTEMISMED,48.85,48.85
PATANJALI,55.97,55.97
SUMICHEM,50.89,50.89
LGHL,80.11,80.17
ATALREAL,34.80,34.80
ASALCBR,34.62,34.62
MAHEPC,135.51,131.75
UNIVPHOTO,7.00,7.00
ALOKINDS,,
BARBEQUE,,
BAFNAPH,43.25,39.93
SUVENPHAR,104.89,104.89
POWERINDIA,172.49,172.49
STOVEKRAFT,62.94,62.94
BHARTIHEXA,57.74,68.58
KSOLVES,28.77,28.77
RAJRATAN,25.17,25.17
HAPPSTMNDS,43.63,45.50
AARTISURF,38.07,74.73
GLAND,38.22,38.22
BOROLTD,59.61,59.61
NDRAUTO,42.36,42.36
MAXHEALTH,113.06,107.52
PAVNAIND,50.08,50.08
AAATECH,38.59,38.59
KALYANKJIL,72.88,72.88
MAXIND,,
BTML,38.29,38.29
SHAREINDIA,8.77,8.77
UNIDT,31.29,31.29
SIGACHI,17.96,17.96
ANGELONE,15.53,15.53
ADL,195.00,195.00
NIRAJ,19.20,18.06
VALIANTORG,,
CAMS,39.75,39.75
SURYODAY,5.25,5.25
ROML,43.21,43.21
UTIAMC,15.17,15.17
RAILTEL,39.33,37.17
HEMIPROP,,
BECTORFOOD,64.97,64.97
KHAICHEM,,
ORCHPHARMA,36.35,36.35
SUBEXLTD,,
NURECA,,
INDIGOPNTS,33.78,33.78
HERANBA,20.45,20.45
LXCHEM,36.52,36.52
TARC,,
RVHL,,
MTARTECH,95.26,95.26
FAIRCHEMOR,36.54,36.54
ANURAS,60.61,60.61
KANPRPLA,21.78,21.78
ISGEC,30.69,30.69
STYLAMIND,21.51,21.37
PAKKA,18.95,18.95
CLSEL,15.26,15.26
PARTYCRUS,13.66,13.66
CARYSIL,29.72,29.72
SHAILY,101.49,101.49
MODISONLTD,20.00,20.28
FIBERWEB,8.82,8.82
BCLIND,11.12,11.12
BHAGCHEM,167.71,167.71
SBCL,33.73,33.73
AADHARHFC,20.18,20.18
SMCGLOBAL,5.53,5.53
QMSMEDI,14.54,14.54
NPST,127.60,127.60
SVPGLOB,,
ARIHANTCAP,10.09,10.48
SIDDHIKA,14.59,14.59
NAZARA,112.16,110.95
IPL,26.49,26.49
GENCON,15.11,15.11
LODHA,48.04,48.04
HLEGLAS,35.76,35.76
VMARCIND,16.56,16.56
SONACOMS,52.55,51.45
UTKARSHBNK,14.24,14.24
DRCSYSTEMS,21.19,21.19
PARAS,80.21,80.21
CRAFTSMAN,57.23,55.21
DODLA,29.24,29.24
EXXARO,,
JUBLINGREA,53.15,53.12
ROLEXRINGS,26.21,21.78
WALPAR,15.33,15.33
ORTINGLOBE,,
SHYAMMETL,26.24,26.24
KIMS,67.20,67.20
SUVIDHAA,,
JSFB,6.51,6.51
TATVA,115.82,115.82
CLEAN,49.24,49.24
AILIMITED,41.22,41.22
ALIVUS,28.48,28.48
ABSLAMC,20.49,20.49
DEEPINDS,19.11,19.17
ZOMATO,305.39,305.39
CHEMPLASTS,,
BEWLTD,12.05,12.05
PIXTRANS,19.71,19.71
MEDIASSIST,33.37,33.37
WINDLAS,33.62,33.62
CARTRADE,65.34,65.34
KRSNAA,33.80,33.80
EQUIPPP,,
DEVYANI,,1350.55
APTUS,21.41,21.41
SUPRIYA,33.53,33.53
ANMOL,9.58,9.58
BMETRICS,13.13,13.13
ABCOTS,54.75,54.75
VIJAYA,73.42,73.42
AMIORG,80.64,80.48
IWEL,40.23,38.39
VINEETLAB,,
MOL,,
SANSERA,37.61,37.61
BAJAJHCARE,,51.52
PRITIKAUTO,13.09,13.09
AAREYDRUGS,18.23,18.23
GRINFRA,8.55,10.80
INTLCONV,5.24,5.24
DUGLOBAL,71.42,71.42
PAYTM,,
REXPIPES,14.43,14.38
STEELCAS,30.98,30.98
HPAL,24.06,24.06
UGROCAP,11.89,11.89
STARHEALTH,25.89,25.89
KPIGREEN,31.68,31.42
YUKEN,43.89,43.89
SGIL,38.65,38.65
ANANDRATHI,54.00,54.00
SJS,24.52,24.52
FINOPB,19.96,19.96
POLICYBZR,304.65,355.59
NYKAA,752.51,752.51
AWL,29.56,29.56
MONARCH,15.87,15.86
SAPPHIRE,577.03,337.19
QUADPRO,18.31,18.31
PRUDENT,51.89,51.89
EPIGRAL,23.53,23.53
NUVOCO,,
GOCOLORS,42.56,42.56
NGIL,,
TRACXN,,
CMSINFO,21.39,21.39
FUSION,,
COASTCORP,,
TARSONS,57.65,57.65
MEDPLUS,68.28,68.28
TEGA,54.46,54.46
RATEGAIN,25.17,25.17
MANORG,33.46,33.46
LATENTVIEW,44.42,44.42
METROBRAND,70.69,70.69
PVSL,29.83,29.83
MICEL,24.65,24.65
PASUPTAC,13.13,13.13
FOODSIN,24.49,24.49
PARADEEP,19.99,19.99
MAPMYINDIA,64.20,64.20
ABMINTLLTD,281.11,281.11
3IINFOLTD,,
TMB,5.91,5.91
KRITI,185.14,185.14
DYNAMIC,17.36,17.40
DESTINY,36.94,36.94
MANYAVAR,46.52,46.52
GANESHBE,12.31,12.31
GVPTECH,63.82,63.82
DMCC,34.56,34.56
KOTYARK,12.42,12.42
MEDICAMEQ,86.47,86.47
FOCE,46.61,46.61
EMIL,28.03,28.03
SHIVALIK,50.08,50.08
PRECISION,8.67,8.67
UMAEXPORTS,17.28,16.98
DATAPATTNS,54.14,54.14
JSLL,56.74,56.74
COOLCAPS,170.12,169.97
MEDANTA,66.13,66.13
MALLCOM,19.15,19.15
NIDAN,,9.00
ASIANENE,40.52,38.45
DIGJAMLMTD,,
SMLT,29.98,29.98
NRL,27.80,27.80
RADIANTCMS,12.15,12.15
GPTHEALTH,23.19,23.19
CHOICEIN,67.44,67.44
EUROBOND,25.93,25.93
SELMC,,
HARIOMPIPE,17.75,17.75
GRWRHITECH,29.21,29.21
CAPITALSFB,10.01,10.01
DELHIVERY,776.28,431.74
DCMSRIND,12.45,12.45
VERANDA,,
RAJRILTD,,
EMUDHRA,86.99,86.99
DYCL,24.22,24.22
FIVESTAR,20.13,20.13
STARTECK,23.08,23.08
VIRINCHI,32.51,32.51
SBC,33.71,33.71
DHRUV,27.20,27.20
ELDEHSG,24.39,24.39
ELIN,38.22,38.22
SHIGAN,19.04,19.04
TIMESCAN,7.37,7.37
MADHAVBAUG,25.85,25.85
SEJALLTD,48.78,48.78
MHLXMIRU,14.25,14.25
LOYALTEX,,
RELCHEMQ,45.19,45.19
GATEWAY,4.99,12.95
SYRMA,54.94,54.31
ZIMLAB,27.03,27.03
UDAICEMENT,,
JTLIND,28.05,28.05
CAMPUS,60.84,60.84
RAINBOW,57.06,57.06
TBOTEK,59.73,60.66
VENUSPIPES,28.27,28.27
AETHER,106.62,62.79
ROTO,40.98,40.98
SPRL,12.06,12.06
MEGASTAR,71.10,71.10
GSTL,24.12,24.12
INDOBORAX,12.86,12.86
LANDMARK,61.25,
RACE,75.55,75.55
AVONMORE,20.55,20.55
ETHOSLTD,64.14,64.14
DREAMFOLKS,17.42,17.42
AGSTRA,,
MSUMI,38.24,38.24
KNAGRI,15.79,15.79
LEMERITE,210.24,210.24
DHARMAJ,18.86,18.86
HARSHA,27.79,27.79
OBCL,103.75,103.75
GMRP&UI,4.34,
KCK,149.68,149.68
LICI,11.59,11.59
INDOAMIN,16.42,16.42
KRISHNADEF,51.34,51.34
PROPEQUITY,18.63,18.63
TVSSCS,,
SWARAJ,14.54,14.54
AMEYA,19.23,19.23
INOXGREEN,134.36,134.36
FEDFINA,14.98,14.98
ACI,38.46,32.73
BIKAJI,61.78,61.78
RITCO,18.17,18.17
SADHNANIQ,162.31,162.31
SURAJEST,15.02,15.02
VEEKAYEM,24.56,24.56
SKP,410.38,410.38
RILINFRA,19.29,19.29
HARDWYN,45.26,45.26
CHEVIOT,9.54,9.54
MUKKA,16.37,16.37
HMAAGRO,20.46,20.46
MWL,16.11,16.11
MEDICO,45.83,45.83
CMRSL,8.60,6.94
KFINTECH,58.51,58.51
YATHARTH,30.65,30.65
DCXINDIA,51.44,51.44
YATRA,47.69,47.69
AKSHAR,,
ARISTO,13.75,13.75
KAYNES,120.81,120.81
SABAR,3.50,3.50
JFLLIFE,10.70,10.70
SWASTIK,30.51,30.51
AXITA,45.94,49.00
PLAZACABLE,138.65,138.65
SENCO,36.67,36.67
USASEEDS,14.07,14.07
TRU,10.83,10.83
RADHIKAJWE,17.55,17.55
TIPSFILMS,,
SPLPETRO,29.96,29.96
RAMRAT,34.51,34.51
VIVIANA,54.53,54.53
CSLFINANCE,8.61,8.61
AGNI,93.87,93.87
KORE,30.87,30.79
GOYALALUM,62.20,62.20
RUSTOMJEE,43.05,43.05
GENSOL,10.80,10.79
GSLSU,,
SPORTKING,10.81,10.81
ALLETEC,30.76,30.76
AIIL,6.62,6.62
MANORAMA,75.65,75.65
ISHAN,25.63,24.08
ARABIAN,9.18,9.18
INNOVACAP,40.30,40.30
GRMOVER,26.30,26.30
SYNCOMF,42.62,42.62
BAHETI,50.20,50.20
SULA,32.97,32.97
SIGNATURE,198.48,198.48
ANNAPURNA,32.85,32.85
KRITINUT,12.60,12.60
KALAMANDIR,21.38,21.38
VITAL,,
RAMAPHO,27.40,27.40
PPLPHARMA,,
TAPIFRUIT,,
AVALON,107.74,107.74
RITEZONE,6.92,6.92
CONCORDBIO,53.88,53.88
GODIGIT,74.28,74.28
BAIDFIN,10.75,10.75
LLOYDS,,
PHANTOMFX,11.94,11.94
QUICKTOUCH,6.61,6.61
DOLLEX,20.27,20.27
BLUEJET,65.02,65.02
MVGJL,10.88,10.88
JIWANRAM,7.93,7.93
SCPL,17.84,17.84
SUKHJITS,12.10,12.10
ARHAM,24.67,24.67
FROG,24.14,24.14
MANKIND,48.25,48.25
SKYGOLD,43.86,43.86
BLAL,,
ARIHANTACA,38.24,38.24
SATINDLTD,13.05,13.04
DIVGIITTS,49.22,49.22
PRITIKA,103.49,103.49
USK,16.38,16.38
ANLON,35.44,35.44
MOTISONS,41.68,42.08
VERTEXPLUS,,
CMNL,36.95,36.29
SRIVASAVI,15.25,15.25
DIACABS,125.15,132.24
IKIO,48.46,48.46
MANOMAY,15.68,15.68
FAZE3Q,27.21,27.21
UMA,24.49,24.49
NSLNISP,,
RBMINFRA,17.99,17.99
LLOYDSME,43.89,43.89
AARTIPHARM,26.32,26.32
RHL,46.67,46.67
SAHYADRI,13.35,13.35
SAHANA,36.10,36.10
NINSYS,35.40,35.40
DUCOL,32.65,32.65
HOMESFY,16.80,16.42
SBFC,30.10,30.10
ASMS,163.17,187.74
HYBRIDFIN,10.00,9.36
SHERA,36.93,36.93
VIAZ,30.61,30.61
LRRPL,65.77,65.77
INDGN,35.05,35.25
ZAGGLE,60.83,60.83
GANDHAR,17.27,17.27
AGARWALFT,28.47,28.47
MCON,39.04,39.04
HONASA,99.14,99.14
RISHABH,51.33,51.33
IRMENERGY,21.24,21.24
SAH,306.81,306.81
DENEERS,19.13,19.13
JGCHEM,19.75,19.75
QFIL,15.45,15.45
CYIENTDLM,53.51,53.51
NIRMAN,15.52,15.52
AKI,36.28,50.25
YCCL,89.87,89.87
RPTECH,9.47,9.90
LORDSCHLO,97.22,97.22
SYSTANGO,16.43,16.43
RATNAVEER,17.79,17.79
PATTECH,24.54,24.54
MOS,56.28,56.28
SECMARK,41.60,41.60
AUROIMPEX,11.60,11.60
SOTAC,35.93,35.19
SPECTSTM,29.26,29.26
ATAM,13.90,13.90
IDEAFORGE,,
CRAYONS,7.50,7.50
SHRITECH,12.52,12.52
INFOLLION,43.69,43.69
URBAN,16.26,16.26
INFINIUM,36.20,36.20
AARTECH,37.04,37.04
POCL,32.34,32.34
KRISHCA,23.51,23.51
ESFL,112.46,112.46
AATMAJ,,
TATATECH,43.93,43.93
REMUS,34.06,34.06
NOVAAGRI,14.51,14.51
REDTAPE,52.26,52.26
ASHOKAMET,4.09,4.09
SICALLOG,,
YUDIZ,,
PENTAGON,17.80,17.80
CELLPOINT,139.10,139.10
SEL,41.92,41.92
TRIDHYA,8.55,8.55
ACL,,
GREENCHEF,24.51,24.51
PROV,42.78,42.78
PTCIL,425.05,422.13
NETWEB,89.84,89.84
PYRAMID,19.17,19.17
VILINBIO,,
MAGSON,36.54,36.54
AEROFLEX,44.41,44.41
EMSLIMITED,19.55,19.55
EFACTOR,13.87,13.87
GHCLTEXTIL,13.96,13.96
MONOPHARMA,14.69,14.69
VPRPL,19.14,19.14
UDS,17.12,17.12
DENTALKART,58.33,58.33
SYNOPTICS,12.84,12.84
CLSL,31.62,31.62
SSFL,29.51,29.51
KIRLPNU,42.08,40.79
DHTL,,
ATL,17.10,16.19
BALUFORGE,40.00,40.00
RRKABEL,39.77,39.78
JSWINFRA,48.21,48.21
SANGANI,24.15,24.15
JLHL,57.44,57.94
SCILAL,51.27,51.27
SAHAJ,10.95,10.95
NUVAMA,24.53,24.53
GLOBALPET,75.30,75.30
YASHO,110.09,110.09
SERVICE,15.76,15.76
KEL,33.89,33.89
PRAMARA,24.29,24.29
NIITMTS,26.00,25.15
VINSYS,20.55,20.55
VALIANTLAB,,
ZEAL,11.05,11.05
ARVINDPORT,16.59,16.59
MARINETRAN,47.04,47.04
SAROJA,24.03,24.03
SINDHUTRAD,37.30,37.29
UNIHEALTH,19.02,19.02
ORIANA,28.84,28.84
ASKAUTOLTD,37.90,37.90
CHAVDA,15.86,15.86
BAWEJA,13.19,13.19
TRANSTEEL,17.23,17.16
SANDUMA,15.05,15.05
VLEGOV,,335.14
PLADAINFO,6.66,6.66
OLIL,34.72,34.72
RBZJEWEL,17.38,17.38
KODYTECH,89.24,89.24
KARNIKA,50.16,50.16
AKANKSHA,211.35,211.35
SAAKSHI,27.45,27.45
MUFIN,59.37,57.89
MAL,11.30,11.30
HIGREEN,51.45,51.45
PLATIND,28.78,28.78
MUFTI,14.40,14.40
FLAIR,20.23,20.23
CELLECOR,50.75,50.75
MUTHOOTMF,7.76,7.76
SRGHFL,19.05,19.05
INDIFRA,40.66,40.66
JIOFIN,122.21,122.21
CPS,,
MADHUSUDAN,18.22,18.22
GOYALSALT,18.81,18.81
TICL,,
WOMANCART,39.64,39.64
RCDL,26.42,26.42
BLSE,27.75,27.75
HOLMARC,42.19,42.19
TREL,4.60,29.90
MARCO,23.06,23.06
DIAMINESQ,86.89,86.89
VISHNUINFR,17.29,17.29
KONTOR,24.92,24.92
RKSWAMY,37.76,37.76
MICROPRO,8.85,8.85
INSPIRE,,
EPACK,69.20,69.20
HAPPYFORGE,29.09,29.09
IBLFL,54.87,54.87
INDIASHLTR,24.82,24.82
CELLO,33.28,33.28
CANARYS,16.95,16.95
DIGIDRIVE,16.49,16.49
DOMS,83.69,83.69
MAITREYA,42.83,42.83
GLOSTERLTD,,
LANCORHOL,23.19,23.19
AMNPLST,31.21,31.21
SARTELE,44.57,44.57
VINYAS,147.09,147.09
SAIFL,7.21,7.21
JNKINDIA,62.56,62.56
INOXINDIA,45.77,47.02
GRAPHISAD,11.69,11.33
SHEETAL,39.57,39.57
ROXHITECH,4.46,4.46
JYOTICNC,80.80,79.00
BAJEL,112.89,92.18
EFORCE,,
DEEM,7.53,7.53
APS,46.44,46.44
ENTERO,50.61,50.61
TECHLABS,80.47,80.47
SIGNPOST,27.45,27.45
ROCKINGDCE,19.44,19.44
BABAFP,14.00,14.00
SUNCLAY,,
SHREEOSFM,13.66,13.66
PRESSTONIC,,
HRHNEXT,31.80,31.94
EXICOM,,
MEGATHERM,24.80,24.80
OWAIS,31.74,31.74
VR,59.08,58.63
KLL,13.23,13.23
ZENITHDRUG,9.57,9.68
SJLOGISTIC,21.40,21.40
PURVFLEXI,19.71,19.71
KTL,3.26,3.26
SRM,19.72,19.72
AZAD,119.38,119.38
PRATHAM,24.02,24.02
KONSTELEC,10.27,10.27
JUNIPER,95.15,95.15
KRYSTAL,10.68,10.68
VSTL,26.05,26.05
FONEBOX,28.23,28.23
INM,33.28,33.02
ITALIANE,15.85,15.85
SUPREMEPWR,19.60,19.60
KCEIL,22.59,22.59
MAXESTATES,781.03,781.10
CGRAPHICS,29.16,29.16
ACCENTMIC,12.64,12.64
LAWSIKHO,26.35,26.35
SADHAV,13.26,13.26
MANDEEP,,
WTICAB,16.38,16.38
GOPAL,40.22,40.22
DAVANGERE,28.06,28.06
MAXPOSURE,27.59,27.59
ALPEXSOLAR,32.51,35.64
VHLTD,18.52,18.70
SONAMAC,11.27,11.27
BIRDYS,,
SIGNORIA,10.31,10.31
TCL,13.37,13.37
DELAPLEX,11.37,11.37
RULKA,13.67,13.67
NAMAN,10.11,10.10
SINCLAIR,28.93,28.93
BLUEPEBBLE,16.88,16.88
DCG,29.15,29.15
AWFIS,78.28,137.18
K2INFRA,9.42,9.42
RADIOWALLA,1.39,1.25
RBS,17.40,17.40
ESCONET,45.42,45.42
MVKAGRO,9.17,9.17
ENFUSE,36.38,36.38
FILATFASH,43.85,43.85
AVPINFRA,14.86,14.86
SILKFLEX,16.30,16.30
VISHWAS,20.99,20.99
TAC,119.58,119.58
YASHOPTICS,20.52,20.52
ALUWIND,23.10,23.13
REFRACTORY,32.28,32.28
PRLIND,14.34,14.55
IEML,22.31,22.31
ABSMARINE,30.28,30.28
WINSOL,44.86,44.86
HOACFOODS,90.47,90.47
SLONE,19.63,19.63
QUESTLAB,14.34,14.34
